{
  "project": {
    "version": "1.1.2",
    "name": "3672e2eef37b689d"
  },
  "apps": [
    {
      "root": "public",
      "outDir": "public-development",
      "assets": [
        "assets",
        "resources"
      ],
      "index": "index.html",
      "main": "main.ts",
      "test": "test.ts",
      "tsconfig": "tsconfig.json",
      "prefix": "app",
      "mobile": false,
      "styles": [
        "../node_modules/primeng/resources/primeng.min.css",
        "../node_modules/primeng/resources/themes/omega/theme.css",
        "../node_modules/font-awesome/css/font-awesome.css",
        "../public/css/styles.css",
        "../public/css/theme0.scss"
      ],
      "loaders": [
        "raw",
        "sass"
      ],
      "scripts": [
        "../node_modules/hammerjs/hammer.min.js",
        "../node_modules/chart.js/dist/Chart.js" ,         
        "../node_modules/ace-builds/src-min/ace.js" 
      ],
      "environmentSource": "environments/environment.ts",
      "environments": {
        "dev": "environments/environment.ts",
        "prod": "environments/environment.prod.ts"
      }
    }
  ],
  "addons": [],
  "packages": [],
  "e2e": {
    "protractor": {
      "config": "./protractor.conf.js"
    }
  },
  "test": {
    "karma": {
      "config": "./karma.conf.js"
    }
  },
  "defaults": {
    "styleExt": "css",
    "prefixInterfaces": false
  }
}